{
  "accuracy": 0.6314769975786925,
  "roc_auc": 0.6508216634124948,
  "classification_report": {
    "0": {
      "precision": 0.6281377699941623,
      "recall": 0.3952975753122704,
      "f1-score": 0.48523111612175873,
      "support": 2722.0
    },
    "1": {
      "precision": 0.6327532351628737,
      "recall": 0.8165850849409733,
      "f1-score": 0.7130106851037084,
      "support": 3473.0
    },
    "accuracy": 0.6314769975786925,
    "macro avg": {
      "precision": 0.6304455025785181,
      "recall": 0.6059413301266219,
      "f1-score": 0.5991209006127336,
      "support": 6195.0
    },
    "weighted avg": {
      "precision": 0.6307252616052897,
      "recall": 0.6314769975786925,
      "f1-score": 0.6129273942612763,
      "support": 6195.0
    }
  },
  "confusion_matrix": [
    [
      1076,
      1646
    ],
    [
      637,
      2836
    ]
  ],
  "n_features": 37,
  "n_train": 24779,
  "n_test": 6195
}